<vector android:height="24dp" android:viewportHeight="480.006"
    android:viewportWidth="480.006" android:width="24dp"
    xmlns:aapt="http://schemas.android.com/aapt" xmlns:android="http://schemas.android.com/apk/res/android">
    <path android:pathData="M432.003,192.006c4.418,0 8,-3.582 8,-8v-24h32c4.418,0 8,-3.582 8,-8v-80c0,-3.599 -2.403,-6.755 -5.872,-7.712l-232,-64c-1.392,-0.392 -2.864,-0.392 -4.256,0l-232,64c-3.469,0.957 -5.872,4.113 -5.872,7.712v80c0,4.418 3.582,8 8,8h32v24c0,4.418 3.582,8 8,8h8v128h-8c-4.418,0 -8,3.582 -8,8v24h-16c-4.418,0 -8,3.582 -8,8v24h-8c-4.418,0 -8,3.582 -8,8v32c0,4.418 3.582,8 8,8h184v40c0,4.418 3.582,8 8,8h272c4.418,0 8,-3.582 8,-8v-176c0,-4.418 -3.582,-8 -8,-8h-48v-96H432.003zM424.003,176.006h-48v-16h48V176.006zM320.003,288.006v-96h8c4.418,0 8,-3.582 8,-8v-24h24v24c0,4.418 3.582,8 8,8h8v96H320.003zM208.003,288.006v-96h8c4.418,0 8,-3.582 8,-8v-24h32v24c0,4.418 3.582,8 8,8h8v96H208.003zM464.003,352.006h-256v-16h256V352.006zM120.003,352.006v-24c0,-4.418 -3.582,-8 -8,-8h-8v-128h8c4.418,0 8,-3.582 8,-8v-24h24v24c0,4.418 3.582,8 8,8h8v128h-8c-4.418,0 -8,3.582 -8,8v24H120.003zM192.003,320.006h-16v-128h16V320.006zM200.003,176.006h-40v-16h48v16H200.003zM160.003,336.006h32v16h-32V336.006zM312.003,176.006h-40v-16h48v16H312.003zM288.003,192.006h16v96h-16V192.006zM16.003,78.102l224,-61.8l224,61.8v65.904h-448V78.102zM104.003,160.006v16h-48v-16H104.003zM72.003,192.006h16v128h-16V192.006zM56.003,336.006h48v16h-48V336.006zM32.003,368.006h160v16h-160V368.006zM16.003,416.006v-16h176v16H16.003zM208.003,464.006v-96h256v96H208.003zM464.003,320.006h-256v-16h256V320.006zM408.003,288.006h-16v-96h16V288.006z">
        <aapt:attr name="android:fillColor">
            <gradient android:endX="240.00291" android:endY="-34.3298"
                android:startX="240.00291" android:startY="480.0062" android:type="linear">
                <item android:color="#FF006DF0" android:offset="0"/>
                <item android:color="#FF00E7F0" android:offset="1"/>
            </gradient>
        </aapt:attr>
    </path>
    <path android:pathData="M448.003,120.006V96.374c0,-3.599 -2.403,-6.755 -5.872,-7.712l-200,-55.2c-1.392,-0.392 -2.864,-0.392 -4.256,0l-200,55.2c-3.469,0.957 -5.872,4.113 -5.872,7.712v23.632c0,4.418 3.582,8 8,8h400C444.421,128.006 448.003,124.424 448.003,120.006zM432.003,112.006h-384v-9.536l192,-52.968l192,52.968V112.006z">
        <aapt:attr name="android:fillColor">
            <gradient android:endX="240.00291" android:endY="-34.1938"
                android:startX="240.00291" android:startY="480.1662" android:type="linear">
                <item android:color="#FF006DF0" android:offset="0"/>
                <item android:color="#FF00E7F0" android:offset="1"/>
            </gradient>
        </aapt:attr>
    </path>
    <path android:pathData="M216.003,80.006c0,13.255 10.745,24 24,24c13.255,0 24,-10.745 24,-24s-10.745,-24 -24,-24C226.748,56.006 216.003,66.751 216.003,80.006zM248.003,80.006c0,4.418 -3.582,8 -8,8s-8,-3.582 -8,-8s3.582,-8 8,-8S248.003,75.588 248.003,80.006z">
        <aapt:attr name="android:fillColor">
            <gradient android:endX="240.00291" android:endY="-34.1938"
                android:startX="240.00291" android:startY="480.1662" android:type="linear">
                <item android:color="#FF006DF0" android:offset="0"/>
                <item android:color="#FF00E7F0" android:offset="1"/>
            </gradient>
        </aapt:attr>
    </path>
    <path android:pathData="M424.003,400.006c-5.923,0.021 -11.627,2.245 -16,6.24c-9.809,-8.915 -24.987,-8.191 -33.903,1.617c-8.915,9.809 -8.191,24.987 1.617,33.903c9.154,8.32 23.132,8.32 32.285,0c9.809,8.915 24.987,8.19 33.903,-1.618c8.915,-9.809 8.19,-24.987 -1.618,-33.903C435.833,402.197 430.021,399.97 424.003,400.006L424.003,400.006zM392.003,432.006c-4.418,0 -8,-3.582 -8,-8s3.582,-8 8,-8s8,3.582 8,8S396.421,432.006 392.003,432.006zM424.003,432.006c-4.418,0 -8,-3.582 -8,-8s3.582,-8 8,-8s8,3.582 8,8S428.421,432.006 424.003,432.006z">
        <aapt:attr name="android:fillColor">
            <gradient android:endX="408.0029" android:endY="-34.1938"
                android:startX="408.0029" android:startY="480.1662" android:type="linear">
                <item android:color="#FF006DF0" android:offset="0"/>
                <item android:color="#FF00E7F0" android:offset="1"/>
            </gradient>
        </aapt:attr>
    </path>
    <path android:pathData="M248.003,416.006h-16c-4.418,0 -8,3.582 -8,8s3.582,8 8,8h16c4.418,0 8,-3.582 8,-8S252.421,416.006 248.003,416.006z">
        <aapt:attr name="android:fillColor">
            <gradient android:endX="240.00291" android:endY="-34.1938"
                android:startX="240.00291" android:startY="480.1662" android:type="linear">
                <item android:color="#FF006DF0" android:offset="0"/>
                <item android:color="#FF00E7F0" android:offset="1"/>
            </gradient>
        </aapt:attr>
    </path>
    <path android:pathData="M344.003,416.006h-64c-4.418,0 -8,3.582 -8,8s3.582,8 8,8h64c4.418,0 8,-3.582 8,-8S348.421,416.006 344.003,416.006z">
        <aapt:attr name="android:fillColor">
            <gradient android:endX="312.0029" android:endY="-34.1938"
                android:startX="312.0029" android:startY="480.1662" android:type="linear">
                <item android:color="#FF006DF0" android:offset="0"/>
                <item android:color="#FF00E7F0" android:offset="1"/>
            </gradient>
        </aapt:attr>
    </path>
</vector>
